{"train/learning_rate":4.032258064516129e-07,"total_flos":3.66804467712e+11,"train_runtime":58.2638,"train/loss":0.0002,"train/grad_norm":0.018282650038599968,"train/global_step":124,"train_loss":0.5524407806288735,"train/epoch":1.976,"_runtime":57.850839064,"train_samples_per_second":17.163,"_timestamp":1.7529784483971155e+09,"_step":124,"_wandb":{"runtime":58},"train_steps_per_second":2.128}