{"_step":83,"_timestamp":1.7529780770060022e+09,"train/global_step":83,"train_samples_per_second":11.845,"_runtime":41.79743901,"train/loss":0.0049,"train/learning_rate":0,"train/grad_norm":0.14509040117263794,"total_flos":1.8452054016e+11,"train/epoch":0.9940119760479041,"train_steps_per_second":1.966,"_wandb":{"runtime":42},"train_runtime":42.2129,"train_loss":0.8686382705401854}