{"train/grad_norm":0.13666027784347534,"train/global_step":62,"_runtime":29.788797529,"_timestamp":1.7529781451516905e+09,"train_samples_per_second":16.555,"train/epoch":0.992,"train_steps_per_second":2.053,"total_flos":1.83402233856e+11,"train_loss":1.2285652852527076,"train_runtime":30.2032,"_step":62,"_wandb":{"runtime":30},"train/learning_rate":0,"train/loss":0.007}