{"train_runtime":31.8634,"train_steps_per_second":3.892,"total_flos":3.66804467712e+11,"_wandb":{"runtime":32},"train/epoch":1.992,"_timestamp":1.7529850891004744e+09,"train/loss":0.0016,"_step":62,"train/learning_rate":0,"train_loss":0.0032543544629363404,"train/grad_norm":0.08808371424674988,"_runtime":31.398825944,"train_samples_per_second":31.384,"train/global_step":124}